Province Name,District,HR_info_province_name,ID,GlobalID,Sector,Activity Type,Organisation,Activity,Start Date,End Date
#province,,,,,#sector,#activity_type,#org,#x_activity,#from_date,#to_date
Bubanza,,Bubanza,003BDI001,3CDE257C-0FE3-4221-8362-B92D4583484B,Food Security and Livelihoods,,World Food Program (WFP),Home Grown school feeding and P4P,,
Bubanza,,Bubanza,003BDI001,3CDE257C-0FE3-4221-8362-B92D4583484B,Nutrition,,World Food Program (WFP),HH Food fortification/MNPs (planning),,
Bujumbura Rural,,Bujumbura Rural,003BDI002,3FF98EA3-59F8-454C-996E-29D7B8B36310,Food Security and Livelihoods,,World Food Program (WFP),Home Grown school feeding and P4P,,
Bujumbura Rural,,Bujumbura Rural,003BDI002,3FF98EA3-59F8-454C-996E-29D7B8B36310,Nutrition,,World Food Program (WFP),HH Food fortification/MNPs (planning),,
Bururi,,Bururi,003BDI003,AF19A3F0-8D21-44F9-9AE4-C228BCB1FCAD,Food Security and Livelihoods,,World Food Program (WFP),School feeding,,
Cankuzo,,Cankuzo,003BDI004,66921E71-9944-4030-9CDD-C82D1B15E16B,Frontline Services to Refugees,,World Food Program (WFP),Assistance to refugees in camp,,
Cankuzo,,Cankuzo,003BDI004,66921E71-9944-4030-9CDD-C82D1B15E16B,Food Security and Livelihoods,,World Food Program (WFP),Food for assets projects for Local populations,,
Cibitoke,,Cibitoke,003BDI005,2764BC71-33F0-4060-898E-7256EEB93062,Food Security and Livelihoods,,World Food Program (WFP),Home Grown school feeding and P4P,,
Karuzi,,Karuzi,003BDI007,5DFCD42F-D8AA-4752-BA6E-83401A2E06F6,Nutrition,,World Food Program (WFP),Prevention of stunting children 6-23 months,,
Karuzi,,Karuzi,003BDI007,5DFCD42F-D8AA-4752-BA6E-83401A2E06F6,Food Security and Livelihoods,,World Food Program (WFP),Food for Assets (Cash and Voucher) for local pop,,
Karuzi,,Karuzi,003BDI007,5DFCD42F-D8AA-4752-BA6E-83401A2E06F6,Food Security and Livelihoods,,World Food Program (WFP),Community-based Early warning system,,
Kayanza,,Kayanza,003BDI008,B86B77DC-653A-4794-99EC-623808B47F54,Food Security and Livelihoods,,World Food Program (WFP),Food security monitoring,,
Kirundo,,Kirundo,003BDI009,21FFD3EF-A659-495C-BB43-5CFF45927D32,Food Security and Livelihoods,,World Food Program (WFP),Food for Assets (Cash and Voucher) for local pop,,
Kirundo,,Kirundo,003BDI009,21FFD3EF-A659-495C-BB43-5CFF45927D32,Food Security and Livelihoods,,World Food Program (WFP),School feeding,,
Kirundo,,Kirundo,003BDI009,21FFD3EF-A659-495C-BB43-5CFF45927D32,Food Security and Livelihoods,,World Food Program (WFP),community-based Early warning system,,
Makamba,,Makamba,003BDI010,48BFB77D-3781-4A98-9218-2CF5EDEF227B,Food Security and Livelihoods,,World Food Program (WFP),School feeding,,
Muramvya,,Muramvya,003BDI011,76D68334-2930-43A2-8490-D17DAD8BC139,Nutrition,,World Food Program (WFP),Prevention of stunting children 6-23 months,,
Gitega,,Gitega,003BDI006,268CABC1-8FAB-4C6F-B25F-3E12A2F0FF83,Food Security and Livelihoods,,World Food Program (WFP),Food for Assets (Cash and Voucher) for local pop,,
Mwaro,,Mwaro,003BDI013,E3B986F5-6C58-47A6-AEB4-50D7CAB6BD54,Nutrition,,World Food Program (WFP),Food security monitoring,,
Rutana,,Rutana,003BDI015,C29483C5-80B1-417F-B11E-F814F2A42F40,Nutrition,,World Food Program (WFP),MAM treatment,,
Rutana,,Rutana,003BDI015,C29483C5-80B1-417F-B11E-F814F2A42F40,Nutrition,,World Food Program (WFP),Prevention of stunting children 6-23 months,,
Rutana,,Rutana,003BDI015,C29483C5-80B1-417F-B11E-F814F2A42F40,Food Security and Livelihoods,,World Food Program (WFP),"Food for Assets (in-kind, Cash and Voucher) for local pop",,
Rutana,,Rutana,003BDI015,C29483C5-80B1-417F-B11E-F814F2A42F40,Food Security and Livelihoods,,World Food Program (WFP),School feeding,,
Ruyigi,,Ruyigi,003BDI016,03624F5F-F070-4CBD-90FD-44283BDCBCF8,Food Security and Livelihoods,,World Food Program (WFP),School feeding,,
Ruyigi,,Ruyigi,003BDI016,03624F5F-F070-4CBD-90FD-44283BDCBCF8,Nutrition,,World Food Program (WFP),MAM treatment,,
Ruyigi,,Ruyigi,003BDI016,03624F5F-F070-4CBD-90FD-44283BDCBCF8,Frontline Services to Refugees,,World Food Program (WFP),Assistance to refugees in camp,,
Muyinga,,Muyinga,003BDI012,B87BD42A-C642-4973-8457-CF784A976203,Frontline Services to Refugees,,World Food Program (WFP),Assistance to refugees in camp,,
Muyinga,,Muyinga,003BDI012,B87BD42A-C642-4973-8457-CF784A976203,Food Security and Livelihoods,,World Food Program (WFP),school feeding,,
Muyinga,,Muyinga,003BDI012,B87BD42A-C642-4973-8457-CF784A976203,Food Security and Livelihoods,,World Food Program (WFP),Purshase for Progress (P4P) project,,
Muyinga,,Muyinga,003BDI012,B87BD42A-C642-4973-8457-CF784A976203,Food Security and Livelihoods,,World Food Program (WFP),Community-based Early warning system,,
Ngozi,,Ngozi,003BDI014,502B906C-C1E5-40CA-89D5-0184A05CB73F,Nutrition,,World Food Program (WFP),MAM treatment,,
Ngozi,,Ngozi,003BDI014,502B906C-C1E5-40CA-89D5-0184A05CB73F,Nutrition,,World Food Program (WFP),Prevention of stunting children 6-23 months,,
Ngozi,,Ngozi,003BDI014,502B906C-C1E5-40CA-89D5-0184A05CB73F,Food Security and Livelihoods,,World Food Program (WFP),"Food for Assets (in-kind, Cash and Voucher) for local pop",,
Ngozi,,Ngozi,003BDI014,502B906C-C1E5-40CA-89D5-0184A05CB73F,Food Security and Livelihoods,,World Food Program (WFP),School feeding,,
Ngozi,,Ngozi,003BDI014,502B906C-C1E5-40CA-89D5-0184A05CB73F,Frontline Services to Refugees,,World Food Program (WFP),Assistance to refugees in camp,,
Bubanza,,Bubanza,003BDI001,3CDE257C-0FE3-4221-8362-B92D4583484B,Logistics,,World Food Program (WFP),,,
Bujumbura Rural,,Bujumbura Rural,003BDI002,3FF98EA3-59F8-454C-996E-29D7B8B36310,Logistics,,World Food Program (WFP),,,
Bujumbura Mairie,,Bujumbura Mairie,003BDI017,E4C62CAE-F69F-4335-B352-EB3940209304,Logistics,,World Food Program (WFP),,,
Bururi,,Bururi,003BDI003,AF19A3F0-8D21-44F9-9AE4-C228BCB1FCAD,Logistics,,World Food Program (WFP),,,
Cankuzo,,Cankuzo,003BDI004,66921E71-9944-4030-9CDD-C82D1B15E16B,Logistics,,World Food Program (WFP),,,
Cibitoke,,Cibitoke,003BDI005,2764BC71-33F0-4060-898E-7256EEB93062,Logistics,,World Food Program (WFP),,,
Gitega,,Gitega,003BDI006,268CABC1-8FAB-4C6F-B25F-3E12A2F0FF83,Logistics,,World Food Program (WFP),,,
Karuzi,,Karuzi,003BDI007,5DFCD42F-D8AA-4752-BA6E-83401A2E06F6,Logistics,,World Food Program (WFP),,,
Kayanza,,Kayanza,003BDI008,B86B77DC-653A-4794-99EC-623808B47F54,Logistics,,World Food Program (WFP),,,
Kirundo,,Kirundo,003BDI009,21FFD3EF-A659-495C-BB43-5CFF45927D32,Logistics,,World Food Program (WFP),,,
Makamba,,Makamba,003BDI010,48BFB77D-3781-4A98-9218-2CF5EDEF227B,Logistics,,World Food Program (WFP),,,
Muramvya,,Muramvya,003BDI011,76D68334-2930-43A2-8490-D17DAD8BC139,Logistics,,World Food Program (WFP),,,
Muyinga,,Muyinga,003BDI012,B87BD42A-C642-4973-8457-CF784A976203,Logistics,,World Food Program (WFP),,,
Mwaro,,Mwaro,003BDI013,E3B986F5-6C58-47A6-AEB4-50D7CAB6BD54,Logistics,,World Food Program (WFP),,,
Ngozi,,Ngozi,003BDI014,502B906C-C1E5-40CA-89D5-0184A05CB73F,Logistics,,World Food Program (WFP),,,
Rutana,,Rutana,003BDI015,C29483C5-80B1-417F-B11E-F814F2A42F40,Logistics,,World Food Program (WFP),,,
Ruyigi,,Ruyigi,003BDI016,03624F5F-F070-4CBD-90FD-44283BDCBCF8,Logistics,,World Food Program (WFP),,,
Bujumbura Mairie,,Bujumbura Mairie,003BDI017,E4C62CAE-F69F-4335-B352-EB3940209304,Protection,,United Nations High Commissioner for Refugees (UNHCR),"Asylum seekers and Refugees couseling, registration and assistance",,
Bujumbura Mairie,,Bujumbura Mairie,003BDI017,E4C62CAE-F69F-4335-B352-EB3940209304,Frontline Services to Refugees,,United Nations High Commissioner for Refugees (UNHCR),"Asylum seekers and refugees care and maintenance activities with JRS, AHA, IRC, PARESI, COPED.",,
Bujumbura Mairie,,Bujumbura Mairie,003BDI017,E4C62CAE-F69F-4335-B352-EB3940209304,Health,,United Nations High Commissioner for Refugees (UNHCR),"Asylum seekers and refugees care and maintenance activities with JRS, AHA, IRC, PARESI, COPED.",,
Bujumbura Mairie,,Bujumbura Mairie,003BDI017,E4C62CAE-F69F-4335-B352-EB3940209304,Education,,United Nations High Commissioner for Refugees (UNHCR),"Asylum seekers and refugees care and maintenance activities with JRS, AHA, IRC, PARESI, COPED.",,
Bujumbura Mairie,,Bujumbura Mairie,003BDI017,E4C62CAE-F69F-4335-B352-EB3940209304,Food Security and Livelihoods,,United Nations High Commissioner for Refugees (UNHCR),"Asylum seekers and refugees care and maintenance activities with JRS, AHA, IRC, PARESI, COPED.",,
Cibitoke,,Cibitoke,003BDI005,2764BC71-33F0-4060-898E-7256EEB93062,Protection,,United Nations High Commissioner for Refugees (UNHCR),"Transit center Cishemere Asylum seekers reception, registration and referral. With CRB and ONPRA.",,
Muyinga,,Muyinga,003BDI012,B87BD42A-C642-4973-8457-CF784A976203,Protection,,United Nations High Commissioner for Refugees (UNHCR),Refugee camps/ refugees care and maintenance activities,,
Muyinga,,Muyinga,003BDI012,B87BD42A-C642-4973-8457-CF784A976203,CCCM,,United Nations High Commissioner for Refugees (UNHCR),Camp management with ONPRA/PNB,,
Muyinga,,Muyinga,003BDI012,B87BD42A-C642-4973-8457-CF784A976203,Frontline Services to Refugees,,United Nations High Commissioner for Refugees (UNHCR),"Asylum seekers and refugees care and maintenance activities with JRS, AHA, IRC, PARESI, COPED.",,
Muyinga,,Muyinga,003BDI012,B87BD42A-C642-4973-8457-CF784A976203,Food Security and Livelihoods,,United Nations High Commissioner for Refugees (UNHCR),"Asylum seekers and refugees care and maintenance activities with JRS, AHA, IRC, PARESI, COPED.",,
Muyinga,,Muyinga,003BDI012,B87BD42A-C642-4973-8457-CF784A976203,Education,,United Nations High Commissioner for Refugees (UNHCR),"Asylum seekers and refugees care and maintenance activities with JRS, AHA, IRC, PARESI, COPED.",,
Muyinga,,Muyinga,003BDI012,B87BD42A-C642-4973-8457-CF784A976203,Shelter and NFI,,United Nations High Commissioner for Refugees (UNHCR),"Asylum seekers and refugees care and maintenance activities with JRS, AHA, IRC, PARESI, COPED.",,
Muyinga,,Muyinga,003BDI012,B87BD42A-C642-4973-8457-CF784A976203,WASH,,United Nations High Commissioner for Refugees (UNHCR),"Asylum seekers and refugees care and maintenance activities with JRS, AHA, IRC, PARESI, COPED.",,
Ruyigi,,Ruyigi,003BDI016,03624F5F-F070-4CBD-90FD-44283BDCBCF8,Protection,,United Nations High Commissioner for Refugees (UNHCR),"Asylum seekers and refugees care and maintenance activities with JRS, AHA, IRC, PARESI, COPED.",,
Ruyigi,,Ruyigi,003BDI016,03624F5F-F070-4CBD-90FD-44283BDCBCF8,CCCM,,United Nations High Commissioner for Refugees (UNHCR),Camp management with ONPRA/PNB,,
Ruyigi,,Ruyigi,003BDI016,03624F5F-F070-4CBD-90FD-44283BDCBCF8,Education,,United Nations High Commissioner for Refugees (UNHCR),"Asylum seekers and refugees care and maintenance activities with JRS, AHA, IRC, PARESI, COPED.",,
Ruyigi,,Ruyigi,003BDI016,03624F5F-F070-4CBD-90FD-44283BDCBCF8,Food Security and Livelihoods,,United Nations High Commissioner for Refugees (UNHCR),"Asylum seekers and refugees care and maintenance activities with JRS, AHA, IRC, PARESI, COPED.",,
Ruyigi,,Ruyigi,003BDI016,03624F5F-F070-4CBD-90FD-44283BDCBCF8,Frontline Services to Refugees,,United Nations High Commissioner for Refugees (UNHCR),"Asylum seekers and refugees care and maintenance activities with JRS, AHA, IRC, PARESI, COPED.",,
Ruyigi,,Ruyigi,003BDI016,03624F5F-F070-4CBD-90FD-44283BDCBCF8,Health,,United Nations High Commissioner for Refugees (UNHCR),"Asylum seekers and refugees care and maintenance activities with JRS, AHA, IRC, PARESI, COPED.",,
Ruyigi,,Ruyigi,003BDI016,03624F5F-F070-4CBD-90FD-44283BDCBCF8,Shelter and NFI,,United Nations High Commissioner for Refugees (UNHCR),"Asylum seekers and refugees care and maintenance activities with JRS, AHA, IRC, PARESI, COPED.",,
Ruyigi,,Ruyigi,003BDI016,03624F5F-F070-4CBD-90FD-44283BDCBCF8,WASH,,United Nations High Commissioner for Refugees (UNHCR),"Asylum seekers and refugees care and maintenance activities with JRS, AHA, IRC, PARESI, COPED.",,
Bubanza,,Bubanza,003BDI001,3CDE257C-0FE3-4221-8362-B92D4583484B,Education,,United Nations Children's Fund (UNICEF),Regular and Emergency Programs,,
Bujumbura Rural,,Bujumbura Rural,003BDI002,3FF98EA3-59F8-454C-996E-29D7B8B36310,Education,,United Nations Children's Fund (UNICEF),Regular and Emergency Programs,,
Bujumbura Mairie,,Bujumbura Mairie,003BDI017,E4C62CAE-F69F-4335-B352-EB3940209304,Education,,United Nations Children's Fund (UNICEF),Regular and Emergency Programs,,
Bururi,,Bururi,003BDI003,AF19A3F0-8D21-44F9-9AE4-C228BCB1FCAD,Education,,United Nations Children's Fund (UNICEF),Regular and Emergency Programs,,
Cankuzo,,Cankuzo,003BDI004,66921E71-9944-4030-9CDD-C82D1B15E16B,Education,,United Nations Children's Fund (UNICEF),Regular and Emergency Programs,,
Cibitoke,,Cibitoke,003BDI005,2764BC71-33F0-4060-898E-7256EEB93062,Education,,United Nations Children's Fund (UNICEF),Regular and Emergency Programs,,
Gitega,,Gitega,003BDI006,268CABC1-8FAB-4C6F-B25F-3E12A2F0FF83,Education,,United Nations Children's Fund (UNICEF),Regular and Emergency Programs,,
Karuzi,,Karuzi,003BDI007,5DFCD42F-D8AA-4752-BA6E-83401A2E06F6,Education,,United Nations Children's Fund (UNICEF),Regular and Emergency Programs,,
Kayanza,,Kayanza,003BDI008,B86B77DC-653A-4794-99EC-623808B47F54,Education,,United Nations Children's Fund (UNICEF),Regular and Emergency Programs,,
Kirundo,,Kirundo,003BDI009,21FFD3EF-A659-495C-BB43-5CFF45927D32,Education,,United Nations Children's Fund (UNICEF),Regular and Emergency Programs,,
Makamba,,Makamba,003BDI010,48BFB77D-3781-4A98-9218-2CF5EDEF227B,Education,,United Nations Children's Fund (UNICEF),Regular and Emergency Programs,,
Muramvya,,Muramvya,003BDI011,76D68334-2930-43A2-8490-D17DAD8BC139,Education,,United Nations Children's Fund (UNICEF),Regular and Emergency Programs,,
Muyinga,,Muyinga,003BDI012,B87BD42A-C642-4973-8457-CF784A976203,Education,,United Nations Children's Fund (UNICEF),Regular and Emergency Programs,,
Mwaro,,Mwaro,003BDI013,E3B986F5-6C58-47A6-AEB4-50D7CAB6BD54,Education,,United Nations Children's Fund (UNICEF),Regular and Emergency Programs,,
Ngozi,,Ngozi,003BDI014,502B906C-C1E5-40CA-89D5-0184A05CB73F,Education,,United Nations Children's Fund (UNICEF),Regular and Emergency Programs,,
Rutana,,Rutana,003BDI015,C29483C5-80B1-417F-B11E-F814F2A42F40,Education,,United Nations Children's Fund (UNICEF),Regular and Emergency Programs,,
Ruyigi,,Ruyigi,003BDI016,03624F5F-F070-4CBD-90FD-44283BDCBCF8,Education,,United Nations Children's Fund (UNICEF),Regular and Emergency Programs,,
Bubanza,,Bubanza,003BDI001,3CDE257C-0FE3-4221-8362-B92D4583484B,Health,,United Nations Children's Fund (UNICEF),Regular and Emergency Programs,,
Bujumbura Rural,,Bujumbura Rural,003BDI002,3FF98EA3-59F8-454C-996E-29D7B8B36310,Health,,United Nations Children's Fund (UNICEF),Regular and Emergency Programs,,
Bujumbura Mairie,,Bujumbura Mairie,003BDI017,E4C62CAE-F69F-4335-B352-EB3940209304,Health,,United Nations Children's Fund (UNICEF),Regular and Emergency Programs,,
Bururi,,Bururi,003BDI003,AF19A3F0-8D21-44F9-9AE4-C228BCB1FCAD,Health,,United Nations Children's Fund (UNICEF),Regular and Emergency Programs,,
Cankuzo,,Cankuzo,003BDI004,66921E71-9944-4030-9CDD-C82D1B15E16B,Health,,United Nations Children's Fund (UNICEF),Regular and Emergency Programs,,
Cibitoke,,Cibitoke,003BDI005,2764BC71-33F0-4060-898E-7256EEB93062,Health,,United Nations Children's Fund (UNICEF),Regular and Emergency Programs,,
Gitega,,Gitega,003BDI006,268CABC1-8FAB-4C6F-B25F-3E12A2F0FF83,Health,,United Nations Children's Fund (UNICEF),Regular and Emergency Programs,,
Karuzi,,Karuzi,003BDI007,5DFCD42F-D8AA-4752-BA6E-83401A2E06F6,Health,,United Nations Children's Fund (UNICEF),Regular and Emergency Programs,,
Kayanza,,Kayanza,003BDI008,B86B77DC-653A-4794-99EC-623808B47F54,Health,,United Nations Children's Fund (UNICEF),Regular and Emergency Programs,,
Kirundo,,Kirundo,003BDI009,21FFD3EF-A659-495C-BB43-5CFF45927D32,Health,,United Nations Children's Fund (UNICEF),Regular and Emergency Programs,,
Makamba,,Makamba,003BDI010,48BFB77D-3781-4A98-9218-2CF5EDEF227B,Health,,United Nations Children's Fund (UNICEF),Regular and Emergency Programs,,
Muramvya,,Muramvya,003BDI011,76D68334-2930-43A2-8490-D17DAD8BC139,Health,,United Nations Children's Fund (UNICEF),Regular and Emergency Programs,,
Muyinga,,Muyinga,003BDI012,B87BD42A-C642-4973-8457-CF784A976203,Health,,United Nations Children's Fund (UNICEF),Regular and Emergency Programs,,
Mwaro,,Mwaro,003BDI013,E3B986F5-6C58-47A6-AEB4-50D7CAB6BD54,Health,,United Nations Children's Fund (UNICEF),Regular and Emergency Programs,,
Ngozi,,Ngozi,003BDI014,502B906C-C1E5-40CA-89D5-0184A05CB73F,Health,,United Nations Children's Fund (UNICEF),Regular and Emergency Programs,,
Rutana,,Rutana,003BDI015,C29483C5-80B1-417F-B11E-F814F2A42F40,Health,,United Nations Children's Fund (UNICEF),Regular and Emergency Programs,,
Ruyigi,,Ruyigi,003BDI016,03624F5F-F070-4CBD-90FD-44283BDCBCF8,Health,,United Nations Children's Fund (UNICEF),Regular and Emergency Programs,,
Bubanza,,Bubanza,003BDI001,3CDE257C-0FE3-4221-8362-B92D4583484B,Child Protection,,United Nations Children's Fund (UNICEF),Regular and Emergency Programs,,
Bujumbura Rural,,Bujumbura Rural,003BDI002,3FF98EA3-59F8-454C-996E-29D7B8B36310,Child Protection,,United Nations Children's Fund (UNICEF),Regular and Emergency Programs,,
Bujumbura Mairie,,Bujumbura Mairie,003BDI017,E4C62CAE-F69F-4335-B352-EB3940209304,Child Protection,,United Nations Children's Fund (UNICEF),Regular and Emergency Programs,,
Bururi,,Bururi,003BDI003,AF19A3F0-8D21-44F9-9AE4-C228BCB1FCAD,Child Protection,,United Nations Children's Fund (UNICEF),Regular and Emergency Programs,,
Cankuzo,,Cankuzo,003BDI004,66921E71-9944-4030-9CDD-C82D1B15E16B,Child Protection,,United Nations Children's Fund (UNICEF),Regular and Emergency Programs,,
Cibitoke,,Cibitoke,003BDI005,2764BC71-33F0-4060-898E-7256EEB93062,Child Protection,,United Nations Children's Fund (UNICEF),Regular and Emergency Programs,,
Gitega,,Gitega,003BDI006,268CABC1-8FAB-4C6F-B25F-3E12A2F0FF83,Child Protection,,United Nations Children's Fund (UNICEF),Regular and Emergency Programs,,
Karuzi,,Karuzi,003BDI007,5DFCD42F-D8AA-4752-BA6E-83401A2E06F6,Child Protection,,United Nations Children's Fund (UNICEF),Regular and Emergency Programs,,
Kayanza,,Kayanza,003BDI008,B86B77DC-653A-4794-99EC-623808B47F54,Child Protection,,United Nations Children's Fund (UNICEF),Regular and Emergency Programs,,
Kirundo,,Kirundo,003BDI009,21FFD3EF-A659-495C-BB43-5CFF45927D32,Child Protection,,United Nations Children's Fund (UNICEF),Regular and Emergency Programs,,
Makamba,,Makamba,003BDI010,48BFB77D-3781-4A98-9218-2CF5EDEF227B,Child Protection,,United Nations Children's Fund (UNICEF),Regular and Emergency Programs,,
Muramvya,,Muramvya,003BDI011,76D68334-2930-43A2-8490-D17DAD8BC139,Child Protection,,United Nations Children's Fund (UNICEF),Regular and Emergency Programs,,
Muyinga,,Muyinga,003BDI012,B87BD42A-C642-4973-8457-CF784A976203,Child Protection,,United Nations Children's Fund (UNICEF),Regular and Emergency Programs,,
Mwaro,,Mwaro,003BDI013,E3B986F5-6C58-47A6-AEB4-50D7CAB6BD54,Child Protection,,United Nations Children's Fund (UNICEF),Regular and Emergency Programs,,
Ngozi,,Ngozi,003BDI014,502B906C-C1E5-40CA-89D5-0184A05CB73F,Child Protection,,United Nations Children's Fund (UNICEF),Regular and Emergency Programs,,
Rutana,,Rutana,003BDI015,C29483C5-80B1-417F-B11E-F814F2A42F40,Child Protection,,United Nations Children's Fund (UNICEF),Regular and Emergency Programs,,
Ruyigi,,Ruyigi,003BDI016,03624F5F-F070-4CBD-90FD-44283BDCBCF8,Child Protection,,United Nations Children's Fund (UNICEF),Regular and Emergency Programs,,
Bubanza,,Bubanza,003BDI001,3CDE257C-0FE3-4221-8362-B92D4583484B,WASH,,United Nations Children's Fund (UNICEF),Regular and Emergency Programs,,
Bujumbura Rural,,Bujumbura Rural,003BDI002,3FF98EA3-59F8-454C-996E-29D7B8B36310,WASH,,United Nations Children's Fund (UNICEF),Regular and Emergency Programs,,
Bujumbura Mairie,,Bujumbura Mairie,003BDI017,E4C62CAE-F69F-4335-B352-EB3940209304,WASH,,United Nations Children's Fund (UNICEF),Regular and Emergency Programs,,
Bururi,,Bururi,003BDI003,AF19A3F0-8D21-44F9-9AE4-C228BCB1FCAD,WASH,,United Nations Children's Fund (UNICEF),Regular and Emergency Programs,,
Cankuzo,,Cankuzo,003BDI004,66921E71-9944-4030-9CDD-C82D1B15E16B,WASH,,United Nations Children's Fund (UNICEF),Regular and Emergency Programs,,
Cibitoke,,Cibitoke,003BDI005,2764BC71-33F0-4060-898E-7256EEB93062,WASH,,United Nations Children's Fund (UNICEF),Regular and Emergency Programs,,
Gitega,,Gitega,003BDI006,268CABC1-8FAB-4C6F-B25F-3E12A2F0FF83,WASH,,United Nations Children's Fund (UNICEF),Regular and Emergency Programs,,
Karuzi,,Karuzi,003BDI007,5DFCD42F-D8AA-4752-BA6E-83401A2E06F6,WASH,,United Nations Children's Fund (UNICEF),Regular and Emergency Programs,,
Kayanza,,Kayanza,003BDI008,B86B77DC-653A-4794-99EC-623808B47F54,WASH,,United Nations Children's Fund (UNICEF),Regular and Emergency Programs,,
Kirundo,,Kirundo,003BDI009,21FFD3EF-A659-495C-BB43-5CFF45927D32,WASH,,United Nations Children's Fund (UNICEF),Regular and Emergency Programs,,
Makamba,,Makamba,003BDI010,48BFB77D-3781-4A98-9218-2CF5EDEF227B,WASH,,United Nations Children's Fund (UNICEF),Regular and Emergency Programs,,
Muramvya,,Muramvya,003BDI011,76D68334-2930-43A2-8490-D17DAD8BC139,WASH,,United Nations Children's Fund (UNICEF),Regular and Emergency Programs,,
Muyinga,,Muyinga,003BDI012,B87BD42A-C642-4973-8457-CF784A976203,WASH,,United Nations Children's Fund (UNICEF),Regular and Emergency Programs,,
Mwaro,,Mwaro,003BDI013,E3B986F5-6C58-47A6-AEB4-50D7CAB6BD54,WASH,,United Nations Children's Fund (UNICEF),Regular and Emergency Programs,,
Ngozi,,Ngozi,003BDI014,502B906C-C1E5-40CA-89D5-0184A05CB73F,WASH,,United Nations Children's Fund (UNICEF),Regular and Emergency Programs,,
Rutana,,Rutana,003BDI015,C29483C5-80B1-417F-B11E-F814F2A42F40,WASH,,United Nations Children's Fund (UNICEF),Regular and Emergency Programs,,
Ruyigi,,Ruyigi,003BDI016,03624F5F-F070-4CBD-90FD-44283BDCBCF8,WASH,,United Nations Children's Fund (UNICEF),Regular and Emergency Programs,,
Bubanza,,Bubanza,003BDI001,3CDE257C-0FE3-4221-8362-B92D4583484B,Nutrition,,United Nations Children's Fund (UNICEF),Regular and Emergency Programs,,
Bujumbura Rural,,Bujumbura Rural,003BDI002,3FF98EA3-59F8-454C-996E-29D7B8B36310,Nutrition,,United Nations Children's Fund (UNICEF),Regular and Emergency Programs,,
Bujumbura Mairie,,Bujumbura Mairie,003BDI017,E4C62CAE-F69F-4335-B352-EB3940209304,Nutrition,,United Nations Children's Fund (UNICEF),Regular and Emergency Programs,,
Bururi,,Bururi,003BDI003,AF19A3F0-8D21-44F9-9AE4-C228BCB1FCAD,Nutrition,,United Nations Children's Fund (UNICEF),Regular and Emergency Programs,,
Cankuzo,,Cankuzo,003BDI004,66921E71-9944-4030-9CDD-C82D1B15E16B,Nutrition,,United Nations Children's Fund (UNICEF),Regular and Emergency Programs,,
Cibitoke,,Cibitoke,003BDI005,2764BC71-33F0-4060-898E-7256EEB93062,Nutrition,,United Nations Children's Fund (UNICEF),Regular and Emergency Programs,,
Gitega,,Gitega,003BDI006,268CABC1-8FAB-4C6F-B25F-3E12A2F0FF83,Nutrition,,United Nations Children's Fund (UNICEF),Regular and Emergency Programs,,
Karuzi,,Karuzi,003BDI007,5DFCD42F-D8AA-4752-BA6E-83401A2E06F6,Nutrition,,United Nations Children's Fund (UNICEF),Regular and Emergency Programs,,
Kayanza,,Kayanza,003BDI008,B86B77DC-653A-4794-99EC-623808B47F54,Nutrition,,United Nations Children's Fund (UNICEF),Regular and Emergency Programs,,
Kirundo,,Kirundo,003BDI009,21FFD3EF-A659-495C-BB43-5CFF45927D32,Nutrition,,United Nations Children's Fund (UNICEF),Regular and Emergency Programs,,
Makamba,,Makamba,003BDI010,48BFB77D-3781-4A98-9218-2CF5EDEF227B,Nutrition,,United Nations Children's Fund (UNICEF),Regular and Emergency Programs,,
Muramvya,,Muramvya,003BDI011,76D68334-2930-43A2-8490-D17DAD8BC139,Nutrition,,United Nations Children's Fund (UNICEF),Regular and Emergency Programs,,
Muyinga,,Muyinga,003BDI012,B87BD42A-C642-4973-8457-CF784A976203,Nutrition,,United Nations Children's Fund (UNICEF),Regular and Emergency Programs,,
Mwaro,,Mwaro,003BDI013,E3B986F5-6C58-47A6-AEB4-50D7CAB6BD54,Nutrition,,United Nations Children's Fund (UNICEF),Regular and Emergency Programs,,
Ngozi,,Ngozi,003BDI014,502B906C-C1E5-40CA-89D5-0184A05CB73F,Nutrition,,United Nations Children's Fund (UNICEF),Regular and Emergency Programs,,
Rutana,,Rutana,003BDI015,C29483C5-80B1-417F-B11E-F814F2A42F40,Nutrition,,United Nations Children's Fund (UNICEF),Regular and Emergency Programs,,
Ruyigi,,Ruyigi,003BDI016,03624F5F-F070-4CBD-90FD-44283BDCBCF8,Nutrition,,United Nations Children's Fund (UNICEF),Regular and Emergency Programs,,
Bubanza,,Bubanza,003BDI001,3CDE257C-0FE3-4221-8362-B92D4583484B,Health,,Ministry of Health,Regular and Emergency Programs,,
Bujumbura Rural,,Bujumbura Rural,003BDI002,3FF98EA3-59F8-454C-996E-29D7B8B36310,Health,,Ministry of Health,Regular and Emergency Programs,,
Bujumbura Mairie,,Bujumbura Mairie,003BDI017,E4C62CAE-F69F-4335-B352-EB3940209304,Health,,Ministry of Health,Regular and Emergency Programs,,
Bururi,,Bururi,003BDI003,AF19A3F0-8D21-44F9-9AE4-C228BCB1FCAD,Health,,Ministry of Health,Regular and Emergency Programs,,
Cankuzo,,Cankuzo,003BDI004,66921E71-9944-4030-9CDD-C82D1B15E16B,Health,,Ministry of Health,Regular and Emergency Programs,,
Cibitoke,,Cibitoke,003BDI005,2764BC71-33F0-4060-898E-7256EEB93062,Health,,Ministry of Health,Regular and Emergency Programs,,
Gitega,,Gitega,003BDI006,268CABC1-8FAB-4C6F-B25F-3E12A2F0FF83,Health,,Ministry of Health,Regular and Emergency Programs,,
Karuzi,,Karuzi,003BDI007,5DFCD42F-D8AA-4752-BA6E-83401A2E06F6,Health,,Ministry of Health,Regular and Emergency Programs,,
Kayanza,,Kayanza,003BDI008,B86B77DC-653A-4794-99EC-623808B47F54,Health,,Ministry of Health,Regular and Emergency Programs,,
Kirundo,,Kirundo,003BDI009,21FFD3EF-A659-495C-BB43-5CFF45927D32,Health,,Ministry of Health,Regular and Emergency Programs,,
Makamba,,Makamba,003BDI010,48BFB77D-3781-4A98-9218-2CF5EDEF227B,Health,,Ministry of Health,Regular and Emergency Programs,,
Muramvya,,Muramvya,003BDI011,76D68334-2930-43A2-8490-D17DAD8BC139,Health,,Ministry of Health,Regular and Emergency Programs,,
Muyinga,,Muyinga,003BDI012,B87BD42A-C642-4973-8457-CF784A976203,Health,,Ministry of Health,Regular and Emergency Programs,,
Mwaro,,Mwaro,003BDI013,E3B986F5-6C58-47A6-AEB4-50D7CAB6BD54,Health,,Ministry of Health,Regular and Emergency Programs,,
Ngozi,,Ngozi,003BDI014,502B906C-C1E5-40CA-89D5-0184A05CB73F,Health,,Ministry of Health,Regular and Emergency Programs,,
Rutana,,Rutana,003BDI015,C29483C5-80B1-417F-B11E-F814F2A42F40,Health,,Ministry of Health,Regular and Emergency Programs,,
Ruyigi,,Ruyigi,003BDI016,03624F5F-F070-4CBD-90FD-44283BDCBCF8,Health,,Ministry of Health,Regular and Emergency Programs,,
Bubanza,,Bubanza,003BDI001,3CDE257C-0FE3-4221-8362-B92D4583484B,Protection,,Ministry of National Solidarity,Regular and Emergency Programs,,
Bujumbura Rural,,Bujumbura Rural,003BDI002,3FF98EA3-59F8-454C-996E-29D7B8B36310,Protection,,Ministry of National Solidarity,Regular and Emergency Programs,,
Bujumbura Mairie,,Bujumbura Mairie,003BDI017,E4C62CAE-F69F-4335-B352-EB3940209304,Protection,,Ministry of National Solidarity,Regular and Emergency Programs,,
Bururi,,Bururi,003BDI003,AF19A3F0-8D21-44F9-9AE4-C228BCB1FCAD,Protection,,Ministry of National Solidarity,Regular and Emergency Programs,,
Cankuzo,,Cankuzo,003BDI004,66921E71-9944-4030-9CDD-C82D1B15E16B,Protection,,Ministry of National Solidarity,Regular and Emergency Programs,,
Cibitoke,,Cibitoke,003BDI005,2764BC71-33F0-4060-898E-7256EEB93062,Protection,,Ministry of National Solidarity,Regular and Emergency Programs,,
Gitega,,Gitega,003BDI006,268CABC1-8FAB-4C6F-B25F-3E12A2F0FF83,Protection,,Ministry of National Solidarity,Regular and Emergency Programs,,
Karuzi,,Karuzi,003BDI007,5DFCD42F-D8AA-4752-BA6E-83401A2E06F6,Protection,,Ministry of National Solidarity,Regular and Emergency Programs,,
Kayanza,,Kayanza,003BDI008,B86B77DC-653A-4794-99EC-623808B47F54,Protection,,Ministry of National Solidarity,Regular and Emergency Programs,,
Kirundo,,Kirundo,003BDI009,21FFD3EF-A659-495C-BB43-5CFF45927D32,Protection,,Ministry of National Solidarity,Regular and Emergency Programs,,
Makamba,,Makamba,003BDI010,48BFB77D-3781-4A98-9218-2CF5EDEF227B,Protection,,Ministry of National Solidarity,Regular and Emergency Programs,,
Muramvya,,Muramvya,003BDI011,76D68334-2930-43A2-8490-D17DAD8BC139,Protection,,Ministry of National Solidarity,Regular and Emergency Programs,,
Muyinga,,Muyinga,003BDI012,B87BD42A-C642-4973-8457-CF784A976203,Protection,,Ministry of National Solidarity,Regular and Emergency Programs,,
Mwaro,,Mwaro,003BDI013,E3B986F5-6C58-47A6-AEB4-50D7CAB6BD54,Protection,,Ministry of National Solidarity,Regular and Emergency Programs,,
Ngozi,,Ngozi,003BDI014,502B906C-C1E5-40CA-89D5-0184A05CB73F,Protection,,Ministry of National Solidarity,Regular and Emergency Programs,,
Rutana,,Rutana,003BDI015,C29483C5-80B1-417F-B11E-F814F2A42F40,Protection,,Ministry of National Solidarity,Regular and Emergency Programs,,
Ruyigi,,Ruyigi,003BDI016,03624F5F-F070-4CBD-90FD-44283BDCBCF8,Protection,,Ministry of National Solidarity,Regular and Emergency Programs,,
Bubanza,,Bubanza,003BDI001,3CDE257C-0FE3-4221-8362-B92D4583484B,Education,,Ministry of Education,Regular and Emergency Programs,,
Bujumbura Rural,,Bujumbura Rural,003BDI002,3FF98EA3-59F8-454C-996E-29D7B8B36310,Education,,Ministry of Education,Regular and Emergency Programs,,
Bujumbura Mairie,,Bujumbura Mairie,003BDI017,E4C62CAE-F69F-4335-B352-EB3940209304,Education,,Ministry of Education,Regular and Emergency Programs,,
Bururi,,Bururi,003BDI003,AF19A3F0-8D21-44F9-9AE4-C228BCB1FCAD,Education,,Ministry of Education,Regular and Emergency Programs,,
Cankuzo,,Cankuzo,003BDI004,66921E71-9944-4030-9CDD-C82D1B15E16B,Education,,Ministry of Education,Regular and Emergency Programs,,
Cibitoke,,Cibitoke,003BDI005,2764BC71-33F0-4060-898E-7256EEB93062,Education,,Ministry of Education,Regular and Emergency Programs,,
Gitega,,Gitega,003BDI006,268CABC1-8FAB-4C6F-B25F-3E12A2F0FF83,Education,,Ministry of Education,Regular and Emergency Programs,,
Karuzi,,Karuzi,003BDI007,5DFCD42F-D8AA-4752-BA6E-83401A2E06F6,Education,,Ministry of Education,Regular and Emergency Programs,,
Kayanza,,Kayanza,003BDI008,B86B77DC-653A-4794-99EC-623808B47F54,Education,,Ministry of Education,Regular and Emergency Programs,,
Kirundo,,Kirundo,003BDI009,21FFD3EF-A659-495C-BB43-5CFF45927D32,Education,,Ministry of Education,Regular and Emergency Programs,,
Makamba,,Makamba,003BDI010,48BFB77D-3781-4A98-9218-2CF5EDEF227B,Education,,Ministry of Education,Regular and Emergency Programs,,
Muramvya,,Muramvya,003BDI011,76D68334-2930-43A2-8490-D17DAD8BC139,Education,,Ministry of Education,Regular and Emergency Programs,,
Muyinga,,Muyinga,003BDI012,B87BD42A-C642-4973-8457-CF784A976203,Education,,Ministry of Education,Regular and Emergency Programs,,
Mwaro,,Mwaro,003BDI013,E3B986F5-6C58-47A6-AEB4-50D7CAB6BD54,Education,,Ministry of Education,Regular and Emergency Programs,,
Ngozi,,Ngozi,003BDI014,502B906C-C1E5-40CA-89D5-0184A05CB73F,Education,,Ministry of Education,Regular and Emergency Programs,,
Rutana,,Rutana,003BDI015,C29483C5-80B1-417F-B11E-F814F2A42F40,Education,,Ministry of Education,Regular and Emergency Programs,,
Ruyigi,,Ruyigi,003BDI016,03624F5F-F070-4CBD-90FD-44283BDCBCF8,Education,,Ministry of Education,Regular and Emergency Programs,,
Gitega,,Gitega,003BDI006,268CABC1-8FAB-4C6F-B25F-3E12A2F0FF83,Child Protection,,International Rescue Committee (IRC),Child Protection + Multi-sector Stand By agreement ,,
Ngozi,,Ngozi,003BDI014,502B906C-C1E5-40CA-89D5-0184A05CB73F,Child Protection,,International Rescue Committee (IRC),Child Protection + Multi-sector Stand By agreement ,,
Kayanza,,Kayanza,003BDI008,B86B77DC-653A-4794-99EC-623808B47F54,Child Protection,,International Rescue Committee (IRC),Child Protection + Multi-sector Stand By agreement ,,
Kirundo,,Kirundo,003BDI009,21FFD3EF-A659-495C-BB43-5CFF45927D32,Child Protection,,International Rescue Committee (IRC),Child Protection + Multi-sector Stand By agreement ,,
Karuzi,,Karuzi,003BDI007,5DFCD42F-D8AA-4752-BA6E-83401A2E06F6,Child Protection,,International Rescue Committee (IRC),Child Protection + Multi-sector Stand By agreement ,,
Muyinga,,Muyinga,003BDI012,B87BD42A-C642-4973-8457-CF784A976203,Child Protection,,International Rescue Committee (IRC),Child Protection + Multi-sector Stand By agreement ,,
Makamba,,Makamba,003BDI010,48BFB77D-3781-4A98-9218-2CF5EDEF227B,Child Protection,,International Rescue Committee (IRC),Child Protection + Multi-sector Stand By agreement ,,
Cibitoke,,Cibitoke,003BDI005,2764BC71-33F0-4060-898E-7256EEB93062,Child Protection,,International Rescue Committee (IRC),Child Protection + Multi-sector Stand By agreement ,,
Bubanza,,Bubanza,003BDI001,3CDE257C-0FE3-4221-8362-B92D4583484B,Child Protection,,International Rescue Committee (IRC),Child Protection + Multi-sector Stand By agreement ,,
Gitega,,Gitega,003BDI006,268CABC1-8FAB-4C6F-B25F-3E12A2F0FF83,Child Protection,,Terres de Hommes (TdH),,,
Ngozi,,Ngozi,003BDI014,502B906C-C1E5-40CA-89D5-0184A05CB73F,Child Protection,,Terres de Hommes (TdH),,,
Kayanza,,Kayanza,003BDI008,B86B77DC-653A-4794-99EC-623808B47F54,Child Protection,,Terres de Hommes (TdH),,,
Kirundo,,Kirundo,003BDI009,21FFD3EF-A659-495C-BB43-5CFF45927D32,Child Protection,,Terres de Hommes (TdH),,,
Karuzi,,Karuzi,003BDI007,5DFCD42F-D8AA-4752-BA6E-83401A2E06F6,Child Protection,,Terres de Hommes (TdH),,,
Muyinga,,Muyinga,003BDI012,B87BD42A-C642-4973-8457-CF784A976203,Child Protection,,Terres de Hommes (TdH),,,
Makamba,,Makamba,003BDI010,48BFB77D-3781-4A98-9218-2CF5EDEF227B,Child Protection,,Terres de Hommes (TdH),,,
Cibitoke,,Cibitoke,003BDI005,2764BC71-33F0-4060-898E-7256EEB93062,Child Protection,,Terres de Hommes (TdH),,,
Bubanza,,Bubanza,003BDI001,3CDE257C-0FE3-4221-8362-B92D4583484B,Child Protection,,Terres de Hommes (TdH),,,
Kirundo,,Kirundo,003BDI009,21FFD3EF-A659-495C-BB43-5CFF45927D32,Nutrition,,Concern Worldwide,,,
Rutana,,Rutana,003BDI015,C29483C5-80B1-417F-B11E-F814F2A42F40,Health,,Association Health For Africa,,,
Makamba,,Makamba,003BDI010,48BFB77D-3781-4A98-9218-2CF5EDEF227B,Health,,Association Health For Africa,,,
Bujumbura Mairie,,Bujumbura Mairie,003BDI017,E4C62CAE-F69F-4335-B352-EB3940209304,Health,,Association Health For Africa,,,
Bujumbura Mairie,,Bujumbura Mairie,003BDI017,E4C62CAE-F69F-4335-B352-EB3940209304,WASH,,Organisation d' appui a l'auto Promotion ,,,
Bubanza,,Bubanza,003BDI001,3CDE257C-0FE3-4221-8362-B92D4583484B,WASH,,Croix Rouge du Burundi,Multi-Sectorial Stand By agreement ,,
Bujumbura Rural,,Bujumbura Rural,003BDI002,3FF98EA3-59F8-454C-996E-29D7B8B36310,WASH,,Croix Rouge du Burundi,Multi-Sectorial Stand By agreement ,,
Bujumbura Mairie,,Bujumbura Mairie,003BDI017,E4C62CAE-F69F-4335-B352-EB3940209304,WASH,,Croix Rouge du Burundi,Multi-Sectorial Stand By agreement ,,
Bururi,,Bururi,003BDI003,AF19A3F0-8D21-44F9-9AE4-C228BCB1FCAD,WASH,,Croix Rouge du Burundi,Multi-Sectorial Stand By agreement ,,
Cankuzo,,Cankuzo,003BDI004,66921E71-9944-4030-9CDD-C82D1B15E16B,WASH,,Croix Rouge du Burundi,Multi-Sectorial Stand By agreement ,,
Cibitoke,,Cibitoke,003BDI005,2764BC71-33F0-4060-898E-7256EEB93062,WASH,,Croix Rouge du Burundi,Multi-Sectorial Stand By agreement ,,
Gitega,,Gitega,003BDI006,268CABC1-8FAB-4C6F-B25F-3E12A2F0FF83,WASH,,Croix Rouge du Burundi,Multi-Sectorial Stand By agreement ,,
Karuzi,,Karuzi,003BDI007,5DFCD42F-D8AA-4752-BA6E-83401A2E06F6,WASH,,Croix Rouge du Burundi,Multi-Sectorial Stand By agreement ,,
Kayanza,,Kayanza,003BDI008,B86B77DC-653A-4794-99EC-623808B47F54,WASH,,Croix Rouge du Burundi,Multi-Sectorial Stand By agreement ,,
Kirundo,,Kirundo,003BDI009,21FFD3EF-A659-495C-BB43-5CFF45927D32,WASH,,Croix Rouge du Burundi,Multi-Sectorial Stand By agreement ,,
Makamba,,Makamba,003BDI010,48BFB77D-3781-4A98-9218-2CF5EDEF227B,WASH,,Croix Rouge du Burundi,Multi-Sectorial Stand By agreement ,,
Muramvya,,Muramvya,003BDI011,76D68334-2930-43A2-8490-D17DAD8BC139,WASH,,Croix Rouge du Burundi,Multi-Sectorial Stand By agreement ,,
Muyinga,,Muyinga,003BDI012,B87BD42A-C642-4973-8457-CF784A976203,WASH,,Croix Rouge du Burundi,Multi-Sectorial Stand By agreement ,,
Mwaro,,Mwaro,003BDI013,E3B986F5-6C58-47A6-AEB4-50D7CAB6BD54,WASH,,Croix Rouge du Burundi,Multi-Sectorial Stand By agreement ,,
Ngozi,,Ngozi,003BDI014,502B906C-C1E5-40CA-89D5-0184A05CB73F,WASH,,Croix Rouge du Burundi,Multi-Sectorial Stand By agreement ,,
Rutana,,Rutana,003BDI015,C29483C5-80B1-417F-B11E-F814F2A42F40,WASH,,Croix Rouge du Burundi,Multi-Sectorial Stand By agreement ,,
Ruyigi,,Ruyigi,003BDI016,03624F5F-F070-4CBD-90FD-44283BDCBCF8,WASH,,Croix Rouge du Burundi,Multi-Sectorial Stand By agreement ,,
Bubanza,,Bubanza,003BDI001,3CDE257C-0FE3-4221-8362-B92D4583484B,Nutrition,,Croix Rouge du Burundi,Multi-Sectorial Stand By agreement ,,
Bujumbura Rural,,Bujumbura Rural,003BDI002,3FF98EA3-59F8-454C-996E-29D7B8B36310,Nutrition,,Croix Rouge du Burundi,Multi-Sectorial Stand By agreement ,,
Bujumbura Mairie,,Bujumbura Mairie,003BDI017,E4C62CAE-F69F-4335-B352-EB3940209304,Nutrition,,Croix Rouge du Burundi,Multi-Sectorial Stand By agreement ,,
Bururi,,Bururi,003BDI003,AF19A3F0-8D21-44F9-9AE4-C228BCB1FCAD,Nutrition,,Croix Rouge du Burundi,Multi-Sectorial Stand By agreement ,,
Cankuzo,,Cankuzo,003BDI004,66921E71-9944-4030-9CDD-C82D1B15E16B,Nutrition,,Croix Rouge du Burundi,Multi-Sectorial Stand By agreement ,,
Cibitoke,,Cibitoke,003BDI005,2764BC71-33F0-4060-898E-7256EEB93062,Nutrition,,Croix Rouge du Burundi,Multi-Sectorial Stand By agreement ,,
Gitega,,Gitega,003BDI006,268CABC1-8FAB-4C6F-B25F-3E12A2F0FF83,Nutrition,,Croix Rouge du Burundi,Multi-Sectorial Stand By agreement ,,
Karuzi,,Karuzi,003BDI007,5DFCD42F-D8AA-4752-BA6E-83401A2E06F6,Nutrition,,Croix Rouge du Burundi,Multi-Sectorial Stand By agreement ,,
Kayanza,,Kayanza,003BDI008,B86B77DC-653A-4794-99EC-623808B47F54,Nutrition,,Croix Rouge du Burundi,Multi-Sectorial Stand By agreement ,,
Kirundo,,Kirundo,003BDI009,21FFD3EF-A659-495C-BB43-5CFF45927D32,Nutrition,,Croix Rouge du Burundi,Multi-Sectorial Stand By agreement ,,
Makamba,,Makamba,003BDI010,48BFB77D-3781-4A98-9218-2CF5EDEF227B,Nutrition,,Croix Rouge du Burundi,Multi-Sectorial Stand By agreement ,,
Muramvya,,Muramvya,003BDI011,76D68334-2930-43A2-8490-D17DAD8BC139,Nutrition,,Croix Rouge du Burundi,Multi-Sectorial Stand By agreement ,,
Muyinga,,Muyinga,003BDI012,B87BD42A-C642-4973-8457-CF784A976203,Nutrition,,Croix Rouge du Burundi,Multi-Sectorial Stand By agreement ,,
Mwaro,,Mwaro,003BDI013,E3B986F5-6C58-47A6-AEB4-50D7CAB6BD54,Nutrition,,Croix Rouge du Burundi,Multi-Sectorial Stand By agreement ,,
Ngozi,,Ngozi,003BDI014,502B906C-C1E5-40CA-89D5-0184A05CB73F,Nutrition,,Croix Rouge du Burundi,Multi-Sectorial Stand By agreement ,,
Rutana,,Rutana,003BDI015,C29483C5-80B1-417F-B11E-F814F2A42F40,Nutrition,,Croix Rouge du Burundi,Multi-Sectorial Stand By agreement ,,
Ruyigi,,Ruyigi,003BDI016,03624F5F-F070-4CBD-90FD-44283BDCBCF8,Nutrition,,Croix Rouge du Burundi,Multi-Sectorial Stand By agreement ,,
Bubanza,,Bubanza,003BDI001,3CDE257C-0FE3-4221-8362-B92D4583484B,Child Protection,,Croix Rouge du Burundi,Multi-Sectorial Stand By agreement ,,
Bujumbura Rural,,Bujumbura Rural,003BDI002,3FF98EA3-59F8-454C-996E-29D7B8B36310,Child Protection,,Croix Rouge du Burundi,Multi-Sectorial Stand By agreement ,,
Bujumbura Mairie,,Bujumbura Mairie,003BDI017,E4C62CAE-F69F-4335-B352-EB3940209304,Child Protection,,Croix Rouge du Burundi,Multi-Sectorial Stand By agreement ,,
Bururi,,Bururi,003BDI003,AF19A3F0-8D21-44F9-9AE4-C228BCB1FCAD,Child Protection,,Croix Rouge du Burundi,Multi-Sectorial Stand By agreement ,,
Cankuzo,,Cankuzo,003BDI004,66921E71-9944-4030-9CDD-C82D1B15E16B,Child Protection,,Croix Rouge du Burundi,Multi-Sectorial Stand By agreement ,,
Cibitoke,,Cibitoke,003BDI005,2764BC71-33F0-4060-898E-7256EEB93062,Child Protection,,Croix Rouge du Burundi,Multi-Sectorial Stand By agreement ,,
Gitega,,Gitega,003BDI006,268CABC1-8FAB-4C6F-B25F-3E12A2F0FF83,Child Protection,,Croix Rouge du Burundi,Multi-Sectorial Stand By agreement ,,
Karuzi,,Karuzi,003BDI007,5DFCD42F-D8AA-4752-BA6E-83401A2E06F6,Child Protection,,Croix Rouge du Burundi,Multi-Sectorial Stand By agreement ,,
Kayanza,,Kayanza,003BDI008,B86B77DC-653A-4794-99EC-623808B47F54,Child Protection,,Croix Rouge du Burundi,Multi-Sectorial Stand By agreement ,,
Kirundo,,Kirundo,003BDI009,21FFD3EF-A659-495C-BB43-5CFF45927D32,Child Protection,,Croix Rouge du Burundi,Multi-Sectorial Stand By agreement ,,
Makamba,,Makamba,003BDI010,48BFB77D-3781-4A98-9218-2CF5EDEF227B,Child Protection,,Croix Rouge du Burundi,Multi-Sectorial Stand By agreement ,,
Muramvya,,Muramvya,003BDI011,76D68334-2930-43A2-8490-D17DAD8BC139,Child Protection,,Croix Rouge du Burundi,Multi-Sectorial Stand By agreement ,,
Muyinga,,Muyinga,003BDI012,B87BD42A-C642-4973-8457-CF784A976203,Child Protection,,Croix Rouge du Burundi,Multi-Sectorial Stand By agreement ,,
Mwaro,,Mwaro,003BDI013,E3B986F5-6C58-47A6-AEB4-50D7CAB6BD54,Child Protection,,Croix Rouge du Burundi,Multi-Sectorial Stand By agreement ,,
Ngozi,,Ngozi,003BDI014,502B906C-C1E5-40CA-89D5-0184A05CB73F,Child Protection,,Croix Rouge du Burundi,Multi-Sectorial Stand By agreement ,,
Rutana,,Rutana,003BDI015,C29483C5-80B1-417F-B11E-F814F2A42F40,Child Protection,,Croix Rouge du Burundi,Multi-Sectorial Stand By agreement ,,
Ruyigi,,Ruyigi,003BDI016,03624F5F-F070-4CBD-90FD-44283BDCBCF8,Child Protection,,Croix Rouge du Burundi,Multi-Sectorial Stand By agreement ,,
Bubanza,,Bubanza,003BDI001,3CDE257C-0FE3-4221-8362-B92D4583484B,Health,,Croix Rouge du Burundi,Multi-Sectorial Stand By agreement ,,
Bujumbura Rural,,Bujumbura Rural,003BDI002,3FF98EA3-59F8-454C-996E-29D7B8B36310,Health,,Croix Rouge du Burundi,Multi-Sectorial Stand By agreement ,,
Bujumbura Mairie,,Bujumbura Mairie,003BDI017,E4C62CAE-F69F-4335-B352-EB3940209304,Health,,Croix Rouge du Burundi,Multi-Sectorial Stand By agreement ,,
Bururi,,Bururi,003BDI003,AF19A3F0-8D21-44F9-9AE4-C228BCB1FCAD,Health,,Croix Rouge du Burundi,Multi-Sectorial Stand By agreement ,,
Cankuzo,,Cankuzo,003BDI004,66921E71-9944-4030-9CDD-C82D1B15E16B,Health,,Croix Rouge du Burundi,Multi-Sectorial Stand By agreement ,,
Cibitoke,,Cibitoke,003BDI005,2764BC71-33F0-4060-898E-7256EEB93062,Health,,Croix Rouge du Burundi,Multi-Sectorial Stand By agreement ,,
Gitega,,Gitega,003BDI006,268CABC1-8FAB-4C6F-B25F-3E12A2F0FF83,Health,,Croix Rouge du Burundi,Multi-Sectorial Stand By agreement ,,
Karuzi,,Karuzi,003BDI007,5DFCD42F-D8AA-4752-BA6E-83401A2E06F6,Health,,Croix Rouge du Burundi,Multi-Sectorial Stand By agreement ,,
Kayanza,,Kayanza,003BDI008,B86B77DC-653A-4794-99EC-623808B47F54,Health,,Croix Rouge du Burundi,Multi-Sectorial Stand By agreement ,,
Kirundo,,Kirundo,003BDI009,21FFD3EF-A659-495C-BB43-5CFF45927D32,Health,,Croix Rouge du Burundi,Multi-Sectorial Stand By agreement ,,
Makamba,,Makamba,003BDI010,48BFB77D-3781-4A98-9218-2CF5EDEF227B,Health,,Croix Rouge du Burundi,Multi-Sectorial Stand By agreement ,,
Muramvya,,Muramvya,003BDI011,76D68334-2930-43A2-8490-D17DAD8BC139,Health,,Croix Rouge du Burundi,Multi-Sectorial Stand By agreement ,,
Muyinga,,Muyinga,003BDI012,B87BD42A-C642-4973-8457-CF784A976203,Health,,Croix Rouge du Burundi,Multi-Sectorial Stand By agreement ,,
Mwaro,,Mwaro,003BDI013,E3B986F5-6C58-47A6-AEB4-50D7CAB6BD54,Health,,Croix Rouge du Burundi,Multi-Sectorial Stand By agreement ,,
Ngozi,,Ngozi,003BDI014,502B906C-C1E5-40CA-89D5-0184A05CB73F,Health,,Croix Rouge du Burundi,Multi-Sectorial Stand By agreement ,,
Rutana,,Rutana,003BDI015,C29483C5-80B1-417F-B11E-F814F2A42F40,Health,,Croix Rouge du Burundi,Multi-Sectorial Stand By agreement ,,
Ruyigi,,Ruyigi,003BDI016,03624F5F-F070-4CBD-90FD-44283BDCBCF8,Health,,Croix Rouge du Burundi,Multi-Sectorial Stand By agreement ,,
Bubanza,,Bubanza,003BDI001,3CDE257C-0FE3-4221-8362-B92D4583484B,Education,,Croix Rouge du Burundi,Multi-Sectorial Stand By agreement ,,
Bujumbura Rural,,Bujumbura Rural,003BDI002,3FF98EA3-59F8-454C-996E-29D7B8B36310,Education,,Croix Rouge du Burundi,Multi-Sectorial Stand By agreement ,,
Bujumbura Mairie,,Bujumbura Mairie,003BDI017,E4C62CAE-F69F-4335-B352-EB3940209304,Education,,Croix Rouge du Burundi,Multi-Sectorial Stand By agreement ,,
Bururi,,Bururi,003BDI003,AF19A3F0-8D21-44F9-9AE4-C228BCB1FCAD,Education,,Croix Rouge du Burundi,Multi-Sectorial Stand By agreement ,,
Cankuzo,,Cankuzo,003BDI004,66921E71-9944-4030-9CDD-C82D1B15E16B,Education,,Croix Rouge du Burundi,Multi-Sectorial Stand By agreement ,,
Cibitoke,,Cibitoke,003BDI005,2764BC71-33F0-4060-898E-7256EEB93062,Education,,Croix Rouge du Burundi,Multi-Sectorial Stand By agreement ,,
Gitega,,Gitega,003BDI006,268CABC1-8FAB-4C6F-B25F-3E12A2F0FF83,Education,,Croix Rouge du Burundi,Multi-Sectorial Stand By agreement ,,
Karuzi,,Karuzi,003BDI007,5DFCD42F-D8AA-4752-BA6E-83401A2E06F6,Education,,Croix Rouge du Burundi,Multi-Sectorial Stand By agreement ,,
Kayanza,,Kayanza,003BDI008,B86B77DC-653A-4794-99EC-623808B47F54,Education,,Croix Rouge du Burundi,Multi-Sectorial Stand By agreement ,,
Kirundo,,Kirundo,003BDI009,21FFD3EF-A659-495C-BB43-5CFF45927D32,Education,,Croix Rouge du Burundi,Multi-Sectorial Stand By agreement ,,
Makamba,,Makamba,003BDI010,48BFB77D-3781-4A98-9218-2CF5EDEF227B,Education,,Croix Rouge du Burundi,Multi-Sectorial Stand By agreement ,,
Muramvya,,Muramvya,003BDI011,76D68334-2930-43A2-8490-D17DAD8BC139,Education,,Croix Rouge du Burundi,Multi-Sectorial Stand By agreement ,,
Muyinga,,Muyinga,003BDI012,B87BD42A-C642-4973-8457-CF784A976203,Education,,Croix Rouge du Burundi,Multi-Sectorial Stand By agreement ,,
Mwaro,,Mwaro,003BDI013,E3B986F5-6C58-47A6-AEB4-50D7CAB6BD54,Education,,Croix Rouge du Burundi,Multi-Sectorial Stand By agreement ,,
Ngozi,,Ngozi,003BDI014,502B906C-C1E5-40CA-89D5-0184A05CB73F,Education,,Croix Rouge du Burundi,Multi-Sectorial Stand By agreement ,,
Rutana,,Rutana,003BDI015,C29483C5-80B1-417F-B11E-F814F2A42F40,Education,,Croix Rouge du Burundi,Multi-Sectorial Stand By agreement ,,
Ruyigi,,Ruyigi,003BDI016,03624F5F-F070-4CBD-90FD-44283BDCBCF8,Education,,Croix Rouge du Burundi,Multi-Sectorial Stand By agreement ,,
Bubanza,,Bubanza,003BDI001,3CDE257C-0FE3-4221-8362-B92D4583484B,Child Protection,,Sport Sans Frontieres ,,,
Bujumbura Rural,,Bujumbura Rural,003BDI002,3FF98EA3-59F8-454C-996E-29D7B8B36310,Child Protection,,Sport Sans Frontieres ,,,
Bujumbura Mairie,,Bujumbura Mairie,003BDI017,E4C62CAE-F69F-4335-B352-EB3940209304,Child Protection,,Sport Sans Frontieres ,,,
Bururi,,Bururi,003BDI003,AF19A3F0-8D21-44F9-9AE4-C228BCB1FCAD,Child Protection,,Sport Sans Frontieres ,,,
Cankuzo,,Cankuzo,003BDI004,66921E71-9944-4030-9CDD-C82D1B15E16B,Child Protection,,Sport Sans Frontieres ,,,
Cibitoke,,Cibitoke,003BDI005,2764BC71-33F0-4060-898E-7256EEB93062,Child Protection,,Sport Sans Frontieres ,,,
Gitega,,Gitega,003BDI006,268CABC1-8FAB-4C6F-B25F-3E12A2F0FF83,Child Protection,,Sport Sans Frontieres ,,,
Karuzi,,Karuzi,003BDI007,5DFCD42F-D8AA-4752-BA6E-83401A2E06F6,Child Protection,,Sport Sans Frontieres ,,,
Kayanza,,Kayanza,003BDI008,B86B77DC-653A-4794-99EC-623808B47F54,Child Protection,,Sport Sans Frontieres ,,,
Kirundo,,Kirundo,003BDI009,21FFD3EF-A659-495C-BB43-5CFF45927D32,Child Protection,,Sport Sans Frontieres ,,,
Makamba,,Makamba,003BDI010,48BFB77D-3781-4A98-9218-2CF5EDEF227B,Child Protection,,Sport Sans Frontieres ,,,
Muramvya,,Muramvya,003BDI011,76D68334-2930-43A2-8490-D17DAD8BC139,Child Protection,,Sport Sans Frontieres ,,,
Muyinga,,Muyinga,003BDI012,B87BD42A-C642-4973-8457-CF784A976203,Child Protection,,Sport Sans Frontieres ,,,
Mwaro,,Mwaro,003BDI013,E3B986F5-6C58-47A6-AEB4-50D7CAB6BD54,Child Protection,,Sport Sans Frontieres ,,,
Ngozi,,Ngozi,003BDI014,502B906C-C1E5-40CA-89D5-0184A05CB73F,Child Protection,,Sport Sans Frontieres ,,,
Rutana,,Rutana,003BDI015,C29483C5-80B1-417F-B11E-F814F2A42F40,Child Protection,,Sport Sans Frontieres ,,,
Ruyigi,,Ruyigi,003BDI016,03624F5F-F070-4CBD-90FD-44283BDCBCF8,Child Protection,,Sport Sans Frontieres ,,,
Bubanza,,Bubanza,003BDI001,3CDE257C-0FE3-4221-8362-B92D4583484B,Education,,Sport Sans Frontieres ,,,
Bujumbura Rural,,Bujumbura Rural,003BDI002,3FF98EA3-59F8-454C-996E-29D7B8B36310,Education,,Sport Sans Frontieres ,,,
Bujumbura Mairie,,Bujumbura Mairie,003BDI017,E4C62CAE-F69F-4335-B352-EB3940209304,Education,,Sport Sans Frontieres ,,,
Bururi,,Bururi,003BDI003,AF19A3F0-8D21-44F9-9AE4-C228BCB1FCAD,Education,,Sport Sans Frontieres ,,,
Cankuzo,,Cankuzo,003BDI004,66921E71-9944-4030-9CDD-C82D1B15E16B,Education,,Sport Sans Frontieres ,,,
Cibitoke,,Cibitoke,003BDI005,2764BC71-33F0-4060-898E-7256EEB93062,Education,,Sport Sans Frontieres ,,,
Gitega,,Gitega,003BDI006,268CABC1-8FAB-4C6F-B25F-3E12A2F0FF83,Education,,Sport Sans Frontieres ,,,
Karuzi,,Karuzi,003BDI007,5DFCD42F-D8AA-4752-BA6E-83401A2E06F6,Education,,Sport Sans Frontieres ,,,
Kayanza,,Kayanza,003BDI008,B86B77DC-653A-4794-99EC-623808B47F54,Education,,Sport Sans Frontieres ,,,
Kirundo,,Kirundo,003BDI009,21FFD3EF-A659-495C-BB43-5CFF45927D32,Education,,Sport Sans Frontieres ,,,
Makamba,,Makamba,003BDI010,48BFB77D-3781-4A98-9218-2CF5EDEF227B,Education,,Sport Sans Frontieres ,,,
Muramvya,,Muramvya,003BDI011,76D68334-2930-43A2-8490-D17DAD8BC139,Education,,Sport Sans Frontieres ,,,
Muyinga,,Muyinga,003BDI012,B87BD42A-C642-4973-8457-CF784A976203,Education,,Sport Sans Frontieres ,,,
Mwaro,,Mwaro,003BDI013,E3B986F5-6C58-47A6-AEB4-50D7CAB6BD54,Education,,Sport Sans Frontieres ,,,
Ngozi,,Ngozi,003BDI014,502B906C-C1E5-40CA-89D5-0184A05CB73F,Education,,Sport Sans Frontieres ,,,
Rutana,,Rutana,003BDI015,C29483C5-80B1-417F-B11E-F814F2A42F40,Education,,Sport Sans Frontieres ,,,
Ruyigi,,Ruyigi,003BDI016,03624F5F-F070-4CBD-90FD-44283BDCBCF8,Education,,Sport Sans Frontieres ,,,
Bubanza,,Bubanza,003BDI001,3CDE257C-0FE3-4221-8362-B92D4583484B,Child Protection,,Right to Play,,,
Bujumbura Rural,,Bujumbura Rural,003BDI002,3FF98EA3-59F8-454C-996E-29D7B8B36310,Child Protection,,Right to Play,,,
Bujumbura Mairie,,Bujumbura Mairie,003BDI017,E4C62CAE-F69F-4335-B352-EB3940209304,Child Protection,,Right to Play,,,
Bururi,,Bururi,003BDI003,AF19A3F0-8D21-44F9-9AE4-C228BCB1FCAD,Child Protection,,Right to Play,,,
Cankuzo,,Cankuzo,003BDI004,66921E71-9944-4030-9CDD-C82D1B15E16B,Child Protection,,Right to Play,,,
Cibitoke,,Cibitoke,003BDI005,2764BC71-33F0-4060-898E-7256EEB93062,Child Protection,,Right to Play,,,
Gitega,,Gitega,003BDI006,268CABC1-8FAB-4C6F-B25F-3E12A2F0FF83,Child Protection,,Right to Play,,,
Karuzi,,Karuzi,003BDI007,5DFCD42F-D8AA-4752-BA6E-83401A2E06F6,Child Protection,,Right to Play,,,
Kayanza,,Kayanza,003BDI008,B86B77DC-653A-4794-99EC-623808B47F54,Child Protection,,Right to Play,,,
Kirundo,,Kirundo,003BDI009,21FFD3EF-A659-495C-BB43-5CFF45927D32,Child Protection,,Right to Play,,,
Makamba,,Makamba,003BDI010,48BFB77D-3781-4A98-9218-2CF5EDEF227B,Child Protection,,Right to Play,,,
Muramvya,,Muramvya,003BDI011,76D68334-2930-43A2-8490-D17DAD8BC139,Child Protection,,Right to Play,,,
Muyinga,,Muyinga,003BDI012,B87BD42A-C642-4973-8457-CF784A976203,Child Protection,,Right to Play,,,
Mwaro,,Mwaro,003BDI013,E3B986F5-6C58-47A6-AEB4-50D7CAB6BD54,Child Protection,,Right to Play,,,
Ngozi,,Ngozi,003BDI014,502B906C-C1E5-40CA-89D5-0184A05CB73F,Child Protection,,Right to Play,,,
Rutana,,Rutana,003BDI015,C29483C5-80B1-417F-B11E-F814F2A42F40,Child Protection,,Right to Play,,,
Ruyigi,,Ruyigi,003BDI016,03624F5F-F070-4CBD-90FD-44283BDCBCF8,Child Protection,,Right to Play,,,
Bubanza,,Bubanza,003BDI001,3CDE257C-0FE3-4221-8362-B92D4583484B,Education,,Right to Play,,,
Bujumbura Rural,,Bujumbura Rural,003BDI002,3FF98EA3-59F8-454C-996E-29D7B8B36310,Education,,Right to Play,,,
Bujumbura Mairie,,Bujumbura Mairie,003BDI017,E4C62CAE-F69F-4335-B352-EB3940209304,Education,,Right to Play,,,
Bururi,,Bururi,003BDI003,AF19A3F0-8D21-44F9-9AE4-C228BCB1FCAD,Education,,Right to Play,,,
Cankuzo,,Cankuzo,003BDI004,66921E71-9944-4030-9CDD-C82D1B15E16B,Education,,Right to Play,,,
Cibitoke,,Cibitoke,003BDI005,2764BC71-33F0-4060-898E-7256EEB93062,Education,,Right to Play,,,
Gitega,,Gitega,003BDI006,268CABC1-8FAB-4C6F-B25F-3E12A2F0FF83,Education,,Right to Play,,,
Karuzi,,Karuzi,003BDI007,5DFCD42F-D8AA-4752-BA6E-83401A2E06F6,Education,,Right to Play,,,
Kayanza,,Kayanza,003BDI008,B86B77DC-653A-4794-99EC-623808B47F54,Education,,Right to Play,,,
Kirundo,,Kirundo,003BDI009,21FFD3EF-A659-495C-BB43-5CFF45927D32,Education,,Right to Play,,,
Makamba,,Makamba,003BDI010,48BFB77D-3781-4A98-9218-2CF5EDEF227B,Education,,Right to Play,,,
Muramvya,,Muramvya,003BDI011,76D68334-2930-43A2-8490-D17DAD8BC139,Education,,Right to Play,,,
Muyinga,,Muyinga,003BDI012,B87BD42A-C642-4973-8457-CF784A976203,Education,,Right to Play,,,
Mwaro,,Mwaro,003BDI013,E3B986F5-6C58-47A6-AEB4-50D7CAB6BD54,Education,,Right to Play,,,
Ngozi,,Ngozi,003BDI014,502B906C-C1E5-40CA-89D5-0184A05CB73F,Education,,Right to Play,,,
Rutana,,Rutana,003BDI015,C29483C5-80B1-417F-B11E-F814F2A42F40,Education,,Right to Play,,,
Ruyigi,,Ruyigi,003BDI016,03624F5F-F070-4CBD-90FD-44283BDCBCF8,Education,,Right to Play,,,
Bubanza,,Bubanza,003BDI001,3CDE257C-0FE3-4221-8362-B92D4583484B,WASH,,Population Health Information (PSI) ,,,
Bujumbura Rural,,Bujumbura Rural,003BDI002,3FF98EA3-59F8-454C-996E-29D7B8B36310,WASH,,Population Health Information (PSI) ,,,
Bujumbura Mairie,,Bujumbura Mairie,003BDI017,E4C62CAE-F69F-4335-B352-EB3940209304,WASH,,Population Health Information (PSI) ,,,
Bururi,,Bururi,003BDI003,AF19A3F0-8D21-44F9-9AE4-C228BCB1FCAD,WASH,,Population Health Information (PSI) ,,,
Cankuzo,,Cankuzo,003BDI004,66921E71-9944-4030-9CDD-C82D1B15E16B,WASH,,Population Health Information (PSI) ,,,
Cibitoke,,Cibitoke,003BDI005,2764BC71-33F0-4060-898E-7256EEB93062,WASH,,Population Health Information (PSI) ,,,
Gitega,,Gitega,003BDI006,268CABC1-8FAB-4C6F-B25F-3E12A2F0FF83,WASH,,Population Health Information (PSI) ,,,
Karuzi,,Karuzi,003BDI007,5DFCD42F-D8AA-4752-BA6E-83401A2E06F6,WASH,,Population Health Information (PSI) ,,,
Kayanza,,Kayanza,003BDI008,B86B77DC-653A-4794-99EC-623808B47F54,WASH,,Population Health Information (PSI) ,,,
Kirundo,,Kirundo,003BDI009,21FFD3EF-A659-495C-BB43-5CFF45927D32,WASH,,Population Health Information (PSI) ,,,
Makamba,,Makamba,003BDI010,48BFB77D-3781-4A98-9218-2CF5EDEF227B,WASH,,Population Health Information (PSI) ,,,
Muramvya,,Muramvya,003BDI011,76D68334-2930-43A2-8490-D17DAD8BC139,WASH,,Population Health Information (PSI) ,,,
Muyinga,,Muyinga,003BDI012,B87BD42A-C642-4973-8457-CF784A976203,WASH,,Population Health Information (PSI) ,,,
Mwaro,,Mwaro,003BDI013,E3B986F5-6C58-47A6-AEB4-50D7CAB6BD54,WASH,,Population Health Information (PSI) ,,,
Ngozi,,Ngozi,003BDI014,502B906C-C1E5-40CA-89D5-0184A05CB73F,WASH,,Population Health Information (PSI) ,,,
Rutana,,Rutana,003BDI015,C29483C5-80B1-417F-B11E-F814F2A42F40,WASH,,Population Health Information (PSI) ,,,
Ruyigi,,Ruyigi,003BDI016,03624F5F-F070-4CBD-90FD-44283BDCBCF8,WASH,,Population Health Information (PSI) ,,,
Kirundo,,Kirundo,003BDI009,21FFD3EF-A659-495C-BB43-5CFF45927D32,Health,,Mdecins Sans Frontires,,,
Bujumbura Mairie,,Bujumbura Mairie,003BDI017,E4C62CAE-F69F-4335-B352-EB3940209304,Health,,Mdecins Sans Frontires,,,
Bubanza,,Bubanza,003BDI001,3CDE257C-0FE3-4221-8362-B92D4583484B,C4D,,Association Tubyage,,,
Bujumbura Rural,,Bujumbura Rural,003BDI002,3FF98EA3-59F8-454C-996E-29D7B8B36310,C4D,,Association Tubyage,,,
Bujumbura Mairie,,Bujumbura Mairie,003BDI017,E4C62CAE-F69F-4335-B352-EB3940209304,C4D,,Association Tubyage,,,
Bururi,,Bururi,003BDI003,AF19A3F0-8D21-44F9-9AE4-C228BCB1FCAD,C4D,,Association Tubyage,,,
Cankuzo,,Cankuzo,003BDI004,66921E71-9944-4030-9CDD-C82D1B15E16B,C4D,,Association Tubyage,,,
Cibitoke,,Cibitoke,003BDI005,2764BC71-33F0-4060-898E-7256EEB93062,C4D,,Association Tubyage,,,
Gitega,,Gitega,003BDI006,268CABC1-8FAB-4C6F-B25F-3E12A2F0FF83,C4D,,Association Tubyage,,,
Karuzi,,Karuzi,003BDI007,5DFCD42F-D8AA-4752-BA6E-83401A2E06F6,C4D,,Association Tubyage,,,
Kayanza,,Kayanza,003BDI008,B86B77DC-653A-4794-99EC-623808B47F54,C4D,,Association Tubyage,,,
Kirundo,,Kirundo,003BDI009,21FFD3EF-A659-495C-BB43-5CFF45927D32,C4D,,Association Tubyage,,,
Makamba,,Makamba,003BDI010,48BFB77D-3781-4A98-9218-2CF5EDEF227B,C4D,,Association Tubyage,,,
Muramvya,,Muramvya,003BDI011,76D68334-2930-43A2-8490-D17DAD8BC139,C4D,,Association Tubyage,,,
Muyinga,,Muyinga,003BDI012,B87BD42A-C642-4973-8457-CF784A976203,C4D,,Association Tubyage,,,
Mwaro,,Mwaro,003BDI013,E3B986F5-6C58-47A6-AEB4-50D7CAB6BD54,C4D,,Association Tubyage,,,
Ngozi,,Ngozi,003BDI014,502B906C-C1E5-40CA-89D5-0184A05CB73F,C4D,,Association Tubyage,,,
Rutana,,Rutana,003BDI015,C29483C5-80B1-417F-B11E-F814F2A42F40,C4D,,Association Tubyage,,,
Ruyigi,,Ruyigi,003BDI016,03624F5F-F070-4CBD-90FD-44283BDCBCF8,C4D,,Association Tubyage,,,
Bubanza,,Bubanza,003BDI001,3CDE257C-0FE3-4221-8362-B92D4583484B,WASH,,"Departement of Promotion, Health, Hygiene and Sanitation of Ministry of Health",,,
Bujumbura Rural,,Bujumbura Rural,003BDI002,3FF98EA3-59F8-454C-996E-29D7B8B36310,WASH,,"Departement of Promotion, Health, Hygiene and Sanitation of Ministry of Health",,,
Bujumbura Mairie,,Bujumbura Mairie,003BDI017,E4C62CAE-F69F-4335-B352-EB3940209304,WASH,,"Departement of Promotion, Health, Hygiene and Sanitation of Ministry of Health",,,
Bururi,,Bururi,003BDI003,AF19A3F0-8D21-44F9-9AE4-C228BCB1FCAD,WASH,,"Departement of Promotion, Health, Hygiene and Sanitation of Ministry of Health",,,
Cankuzo,,Cankuzo,003BDI004,66921E71-9944-4030-9CDD-C82D1B15E16B,WASH,,"Departement of Promotion, Health, Hygiene and Sanitation of Ministry of Health",,,
Cibitoke,,Cibitoke,003BDI005,2764BC71-33F0-4060-898E-7256EEB93062,WASH,,"Departement of Promotion, Health, Hygiene and Sanitation of Ministry of Health",,,
Gitega,,Gitega,003BDI006,268CABC1-8FAB-4C6F-B25F-3E12A2F0FF83,WASH,,"Departement of Promotion, Health, Hygiene and Sanitation of Ministry of Health",,,
Karuzi,,Karuzi,003BDI007,5DFCD42F-D8AA-4752-BA6E-83401A2E06F6,WASH,,"Departement of Promotion, Health, Hygiene and Sanitation of Ministry of Health",,,
Kayanza,,Kayanza,003BDI008,B86B77DC-653A-4794-99EC-623808B47F54,WASH,,"Departement of Promotion, Health, Hygiene and Sanitation of Ministry of Health",,,
Kirundo,,Kirundo,003BDI009,21FFD3EF-A659-495C-BB43-5CFF45927D32,WASH,,"Departement of Promotion, Health, Hygiene and Sanitation of Ministry of Health",,,
Makamba,,Makamba,003BDI010,48BFB77D-3781-4A98-9218-2CF5EDEF227B,WASH,,"Departement of Promotion, Health, Hygiene and Sanitation of Ministry of Health",,,
Muramvya,,Muramvya,003BDI011,76D68334-2930-43A2-8490-D17DAD8BC139,WASH,,"Departement of Promotion, Health, Hygiene and Sanitation of Ministry of Health",,,
Muyinga,,Muyinga,003BDI012,B87BD42A-C642-4973-8457-CF784A976203,WASH,,"Departement of Promotion, Health, Hygiene and Sanitation of Ministry of Health",,,
Mwaro,,Mwaro,003BDI013,E3B986F5-6C58-47A6-AEB4-50D7CAB6BD54,WASH,,"Departement of Promotion, Health, Hygiene and Sanitation of Ministry of Health",,,
Ngozi,,Ngozi,003BDI014,502B906C-C1E5-40CA-89D5-0184A05CB73F,WASH,,"Departement of Promotion, Health, Hygiene and Sanitation of Ministry of Health",,,
Rutana,,Rutana,003BDI015,C29483C5-80B1-417F-B11E-F814F2A42F40,WASH,,"Departement of Promotion, Health, Hygiene and Sanitation of Ministry of Health",,,
Ruyigi,,Ruyigi,003BDI016,03624F5F-F070-4CBD-90FD-44283BDCBCF8,WASH,,"Departement of Promotion, Health, Hygiene and Sanitation of Ministry of Health",,,
Bubanza,,Bubanza,003BDI001,3CDE257C-0FE3-4221-8362-B92D4583484B,Education,,HOPE 87,,,
Bujumbura Rural,,Bujumbura Rural,003BDI002,3FF98EA3-59F8-454C-996E-29D7B8B36310,Education,,HOPE 87,,,
Bujumbura Mairie,,Bujumbura Mairie,003BDI017,E4C62CAE-F69F-4335-B352-EB3940209304,Education,,HOPE 87,,,
Bururi,,Bururi,003BDI003,AF19A3F0-8D21-44F9-9AE4-C228BCB1FCAD,Education,,HOPE 87,,,
Cankuzo,,Cankuzo,003BDI004,66921E71-9944-4030-9CDD-C82D1B15E16B,Education,,HOPE 87,,,
Cibitoke,,Cibitoke,003BDI005,2764BC71-33F0-4060-898E-7256EEB93062,Education,,HOPE 87,,,
Gitega,,Gitega,003BDI006,268CABC1-8FAB-4C6F-B25F-3E12A2F0FF83,Education,,HOPE 87,,,
Karuzi,,Karuzi,003BDI007,5DFCD42F-D8AA-4752-BA6E-83401A2E06F6,Education,,HOPE 87,,,
Kayanza,,Kayanza,003BDI008,B86B77DC-653A-4794-99EC-623808B47F54,Education,,HOPE 87,,,
Kirundo,,Kirundo,003BDI009,21FFD3EF-A659-495C-BB43-5CFF45927D32,Education,,HOPE 87,,,
Makamba,,Makamba,003BDI010,48BFB77D-3781-4A98-9218-2CF5EDEF227B,Education,,HOPE 87,,,
Muramvya,,Muramvya,003BDI011,76D68334-2930-43A2-8490-D17DAD8BC139,Education,,HOPE 87,,,
Muyinga,,Muyinga,003BDI012,B87BD42A-C642-4973-8457-CF784A976203,Education,,HOPE 87,,,
Mwaro,,Mwaro,003BDI013,E3B986F5-6C58-47A6-AEB4-50D7CAB6BD54,Education,,HOPE 87,,,
Ngozi,,Ngozi,003BDI014,502B906C-C1E5-40CA-89D5-0184A05CB73F,Education,,HOPE 87,,,
Rutana,,Rutana,003BDI015,C29483C5-80B1-417F-B11E-F814F2A42F40,Education,,HOPE 87,,,
Ruyigi,,Ruyigi,003BDI016,03624F5F-F070-4CBD-90FD-44283BDCBCF8,Education,,HOPE 87,,,
Kirundo,,Kirundo,003BDI009,21FFD3EF-A659-495C-BB43-5CFF45927D32,Education,,WarChild,,,
Kirundo,,Kirundo,003BDI009,21FFD3EF-A659-495C-BB43-5CFF45927D32,Child Protection,,WarChild,,,
Bujumbura Mairie,,Bujumbura Mairie,003BDI017,E4C62CAE-F69F-4335-B352-EB3940209304,Shelter and NFI,,IOM,,,
Makamba,,Makamba,003BDI010,48BFB77D-3781-4A98-9218-2CF5EDEF227B,Shelter and NFI,,IOM,,,
Bujumbura Mairie,,Bujumbura Mairie,003BDI017,E4C62CAE-F69F-4335-B352-EB3940209304,Protection,,IOM,,,
Makamba,,Makamba,003BDI010,48BFB77D-3781-4A98-9218-2CF5EDEF227B,Protection,,IOM,,,
Bujumbura Mairie,,Bujumbura Mairie,003BDI017,E4C62CAE-F69F-4335-B352-EB3940209304,Food Security and Livelihood,,FAO,,,
Makamba,,Makamba,003BDI010,48BFB77D-3781-4A98-9218-2CF5EDEF227B,Food Security and Livelihood,,FAO,,,
Ngozi,,Ngozi,003BDI014,502B906C-C1E5-40CA-89D5-0184A05CB73F,Food Security and Livelihood,,FAO,,,
Ruyigi,,Ruyigi,003BDI016,03624F5F-F070-4CBD-90FD-44283BDCBCF8,Food Security and Livelihood,,FAO,,,
Bujumbura Mairie,,Bujumbura Mairie,003BDI017,E4C62CAE-F69F-4335-B352-EB3940209304,Health,,WHO,,,
Bujumbura Mairie,,Bujumbura Mairie,003BDI017,E4C62CAE-F69F-4335-B352-EB3940209304,Health,,UNFPA,,,
Bujumbura Mairie,,Bujumbura Mairie,003BDI017,E4C62CAE-F69F-4335-B352-EB3940209304,Protection,,UNFPA,,,
